﻿<?xml version="1.0" encoding="utf-8"?>
<base xmlns:xsi="http://www.w3.org/2001/XMLSchema-instance"
    xmlns:xsd="http://www.w3.org/2001/XMLSchema" type="string">
    <tags>
        <tag language="fr" />
    </tags>
    <strings>
        <!--
            French v4
            (fr)

            Translation Notes:            
            By default, any of the `FunnyNote` or `Death` strings are dynamically chosen at random.
            If the `SeriousDeathMessages` option is enabled, the first `Death` message found in the file is used,
                so make this one literal and specific.
            The other ones can be puns or jokes, and options can be added or removed as needed, just make sure
                to keep the correct tags, and make sure that there is at least one message for each `Death` type.
        -->

        <UINotes text="Notes: " /> <!-- TN: First line of the notes if the player hasn't died. -->
        <UICauseOfDeath text="Cause de la mort: " /> <!-- TN: First line of the notes if the player has died. -->

        <!--
            TN: Funny Notes
            If the player has not died, and has no performance notes to display,
            one of these will be chosen at random, so that nobody has no notes.
        -->

        <FunnyNote text="Le plus stupide." />
        <FunnyNote text="Est trop mignon." />
        <FunnyNote text="S'est bien amusé." />
        <FunnyNote text="N'a pas passé un bon moment." />
        <FunnyNote text="S'est montré brave." />
        <FunnyNote text="A fait des figures." />
        <FunnyNote text="A cogné une table." />
        <FunnyNote text="A plus de chances de mourir." />
        <FunnyNote text="A moins de chances de mourir." />
        <FunnyNote text="Déteste la fumée." />
        <FunnyNote text="Aime jouer en équipe." />
        <FunnyNote text="Est un VRAI fonceur." />
        <FunnyNote text="Est un goinfre." />
        <FunnyNote text="S'est fait asperger d'encre." />
        <FunnyNote text="Est allé trop vite." />
        <FunnyNote text="N'a pas fait attention." />
        <FunnyNote text="Absolument parfait." />
        <FunnyNote text="A oublié d'appeler sa mère." />
        <FunnyNote text="A oublié de changer d'IP." />
        <FunnyNote text="Secrètement un renard." />

        <!--
            TN: Generic Death Messages
            Generally, causes of death like bludgeoning, strangulation, and blasts will be overridden by messages specific to that type.
            These are fallbacks for when there is no specific message. Try to make these broadly applicable.
        -->

        <DeathBludgeoning text="Battu a mort." />

        <DeathGravity text="Est tombé." />
        <DeathGravity text="A glissé." />

        <DeathBlast text="A explosé." />
        <DeathBlast text="Est parti avec un bang." />
        <DeathBlast text="A explosé en mille morceaux." />

        <DeathStrangulation text="Étranglé." />

        <DeathSuffocation text="Asphyxié." />

        <DeathMauling text="Mutilé." />

        <DeathGunshots text="Tiré dessus." />
        <DeathGunshots text="A été rempli de balles." />

        <DeathCrushing text="Écrasé." />

        <DeathDrowning text="Noyé." />

        <DeathAbandoned text="Abandonné par ses collègues." />
        <DeathAbandoned text="N'a pas su trouver sa place dans l'équipe." />

        <DeathElectrocution text="Électrocuté." />

        <DeathKicking text="Botté." />

        <DeathBurning text="Brûlé." />

        <DeathStabbing text="Poignardé." />

        <DeathFan text="Déchiqueté." />
        <DeathFan text="S'est retrouvé trop près d'un ventilateur." />

        <DeathInertia text="A séché ses cours de physique." />

        <DeathSnipped text="Ciselé." />

        <!-- 
            TN: Enemy Death Messages
            These are messages for when the player is killed by a specific enemy.
            Try to keep these high quality since they will be the ones players see the most.
        -->

        <DeathEnemyBracken text="A eu son cou cassé par un Bracken." />
        <DeathEnemyBracken text="A regardé un Bracken trop longtemps." />

        <DeathEnemyEyelessDog text="A été mangé par un Eyeless Dog." />
        <DeathEnemyEyelessDog text="Pris en train d'utiliser un clavier mécanique." />
        <DeathEnemyEyelessDog text="N'a pas été silencieux a coté d'un Eyeless Dog." />

        <DeathEnemyForestGiantEaten text="Dévoré entier par un Forest Giant." />
        <DeathEnemyForestGiantEaten text="A fait comme dans l'infanterie et s'est tiré vers un Forest Giant." /> <!-- TN: Make like a tree and leave. -->

        <DeathEnemyForestGiantDeath text="Écrasé sous un Forest Giant mourant." /> <!-- TN: Forest Giants crush nearby players as they play their death animation. -->

        <DeathEnemyCircuitBees text="Piqué par des Circuit Bees." />

        <DeathEnemyGhostGirl text="Mort mystérieusement." />
        <DeathEnemyGhostGirl text="A perdu la boule." />
        <DeathEnemyGhostGirl text="A eu une très mauvaise migraine." />
        <DeathEnemyGhostGirl text="Sa tête a juste... fait ça toute seule... comme ça." />
        <DeathEnemyGhostGirl text="???" />

        <DeathEnemyEarthLeviathan text="Dévoré entier par un Earth Leviathan." />

        <DeathEnemyBaboonHawk text="A été mangé par un Baboon Hawk." />
        <DeathEnemyBaboonHawk text="A été mordu par un Baboon Hawk." />
        <DeathEnemyBaboonHawk text="Est tombé sur une bande de Baboon Hawks." />

        <DeathEnemyJester text="A été réduit en pièces par un Jester." />
        <DeathEnemyJester text="A été la blague du Jester." />
        <DeathEnemyJester text="A été trompé par un Jester." />
        <DeathEnemyJester text="A trouvé le diable dans la boite." />

        <DeathEnemyCoilHead text="A été mutilé par un Coil Head." />
        <DeathEnemyCoilHead text="A fait un concours de regards avec un Coil Head." />
        <DeathEnemyCoilHead text="A perdu un concours de regards avec un Coil Head." />

        <DeathEnemySnareFlea text="A été asphyxié par un Snare Flea." />
        <DeathEnemySnareFlea text="A confondu un Snare Flea avec un crabe de tête." /> <!-- TN: Half-Life 1 features headcrabs. -->

        <DeathEnemyHygrodere text="A été absorbé par un Hygrodere." />
        <DeathEnemyHygrodere text="A donné un calin a un Hygrodere." />
        <DeathEnemyHygrodere text="A eu un oupsie avec un Hygrodere." />

        <DeathEnemyHoarderBug text="A été battu par un Hoarder Bug." />
        <DeathEnemyHoarderBug text="A été essaimé par un Hoarder Bug." />
        <DeathEnemyHoarderBug text="A été collecté par un Hoarder Bug." />
        <DeathEnemyHoarderBug text="A essayé de voler un Hoarder Bug." />

        <DeathEnemyLassoMan text="A été attrapé au lasso par un Lasso Man." />

        <DeathEnemySporeLizard text="A été mordu par un Spore Lizard." />
        <DeathEnemySporeLizard text="A énervé un Spore Lizard." />

        <DeathEnemyBunkerSpider text="Attrapé dans la toile de la Bunker Spider." />

        <DeathEnemyThumper text="A été ravagé par un Thumper." />
        <DeathEnemyThumper text="A été cogné par un Thumper." />

        <!-- 
            TN: v45 Enemy Death Messages
            Messages used for enemies added in v45.
            Most of these enemies have multiple ways they can kill you, so make sure you don't mix them up.
        -->

        <DeathEnemyMaskedPlayerWear text="A mis le Masque." /> <!-- TN: Message used when the player is transformed into a Masked Player enemy -->
        <DeathEnemyMaskedPlayerWear text="Personne ne se souciait de qui il était avant qu'il mette ce masque." /> <!-- TN: The Dark Knight Rises reference -->
        <DeathEnemyMaskedPlayerWear text="A joué la comédie." />

        <DeathEnemyMaskedPlayerVictim text="A été tué par un collègue Masked." /> <!-- TN: Message used when a Masked Player (even one that spawned naturally) attacks and kills a player. -->
        <DeathEnemyMaskedPlayerVictim text="Est devenu une tragédie aux mains du Masked." />  <!-- TN: A reference to the Tragedy Mask that transforms players who pick it up. -->
        <DeathEnemyMaskedPlayerVictim text="Poignardé par un imposteur." /> <!-- TN: Among Us reference -->
        <DeathEnemyMaskedPlayerVictim text="Est mort d'un imposteur parmi nous." /> <!-- TN: Among Us reference -->

        <DeathEnemyNutcrackerKicked text="A été botté par un Nutcracker." /> <!-- TN: Used when a Nutcracker kills a player that happens to walk in its path -->
        <DeathEnemyNutcrackerKicked text="A été piétiné par un Nutcracker." />

        <DeathEnemyNutcrackerShot text="A été tiré dessus par un Nutcracker." /> <!-- TN: Used when a nutcracker -->
        <DeathEnemyNutcrackerShot text="S'est retrouvé trop près d'un calibre 12." />

        <!-- 
            TN: v50 Enemy Death Messages
            Messages used for enemies added in v50.
        -->

        <DeathEnemyButlerStab text="Poignardé par le Butler." />
        <DeathEnemyButlerStab text="S'est retrouvé trop près du Butler." />
        <DeathEnemyButlerStab text="N'aurait pas dû être en tête-à-tête avec le Butler." /> 
        
        <DeathEnemyButlerExplode text="Explosé par le Butler." />
        
        <DeathEnemyMaskHornets text="Piqué par des Mask Hornets." /> <!-- TN: Spawned when the Butler dies. -->
        
        <DeathEnemyTulipSnakeDrop text="Jeté par des Tulip Snakes." /> <!-- TN: When the player dies of fall damage due to a Tulip Snake. -->
                
        <DeathEnemyOldBirdRocket text="Explosé par un Old Bird." />
        <DeathEnemyOldBirdRocket text="N'est pas monté dans l'Eva." /> <!-- TN: Evangelion meme -->
        
        <DeathEnemyOldBirdStomp text="Piétiné par un Old Bird." />
        <DeathEnemyOldBirdStomp text="S'est fait botté les fesses par un robot." />
        
        <DeathEnemyOldBirdCharge text="S'est approché trop près d'un Old Bird." />
        <DeathEnemyOldBirdCharge text="A trouvé pourquoi Embrion est condamné." /> <!-- TN: See Old Bird Bestiary entry. -->
        
        <DeathEnemyOldBirdTorch text="A été carbonisé par un Old Bird." />
        <DeathEnemyOldBirdTorch text="A été flambé par un Old Bird." /> <!-- TN: Flambée: To douse with a liquor and ignite. -->
        
        <!-- 
            TN: v55 Enemy Death Messages
            Messages used for enemies added in v55.
        -->

        <DeathEnemyKidnapperFox text="A été mutilé par un Kidnapper Fox." />
        <DeathEnemyKidnapperFox text="Traîné dans une Vain Shroud par un renard." />

        <DeathEnemyBarber text="A été ciselé par le Barber." />
        <DeathEnemyBarber text="A été coupé en deux par le Barber." />
        <DeathEnemyBarber text="N'a pas apprécié sa nouvelle coupe de cheveux." />

        <!--
            TN: v60 Player Death Messages
            Messages used for players added in v60.
        -->
        <DeathEnemyManeater text="A été mutilé par un Maneater." />
        <DeathEnemyManeater text="A fait tomber le bébé." />
        <DeathEnemyManeater text="A été un mauvais parent." />

        <!-- 
            TN: Player Death Messages
            These are messages for when the player dies due to player-related means,
            such as murder or using an item improperly.
        -->

        <DeathPlayerJetpackGravity text="Est tombé en utilisant un jetpack." /> <!-- TN: Message used when the player dies of fall damage while holding a jetpack. -->
        <DeathPlayerJetpackGravity text="A volé trop près du soleil." /> <!-- TN: Reference to Icarus of Greek mythology -->
        <DeathPlayerJetpackGravity text="Est tombé à court de carburant." />

        <DeathPlayerJetpackBlast text="A explosé en utilisant un Jetpack." /> <!-- TN: Message used when the player uses the jetpack too long and it explodes. -->
        <DeathPlayerJetpackBlast text="S'est transformé en feu d'artifice." />

        <DeathPlayerMurderShovel text="A été battu avec une pelle par un collègue." /> <!-- TN: Used when a player kills another player with a shovel. -->
        <DeathPlayerMurderShovel text="A été victime de meurtre." />
        <DeathPlayerMurderShovel text="A été tué." />
        <DeathPlayerMurderShovel text="A été trahi par un collègue." />
        <DeathPlayerMurderShovel text="A eu sa tombe creusée par un collègue." />
        <DeathPlayerMurderShovel text="Un collègue a creusé sa tombe." />

        <DeathPlayerMurderStopSign text="A été battu avec un panneau stop par un collègue." /> <!-- TN: Used when a player kills another player with a stop/yield sign. -->
        <DeathPlayerMurderStopSign text="A été victime de meurtre." />
        <DeathPlayerMurderStopSign text="A été tué." />
        <DeathPlayerMurderStopSign text="A été trahi par un collègue." />
        <DeathPlayerMurderStopSign text="A été forcé de s'arrêter à un stop par un collègue." />
        <DeathPlayerMurderStopSign text="A été battu par huit côtés fantastiques." /> <!-- TN: Jack Black's Octagon -->
        <DeathPlayerMurderStopSign text="A été battu par huit angles impressionnants." /> <!-- TN: Jack Black's Octagon -->

        <DeathPlayerMurderYieldSign text="A été battu avec un panneau cédez le passage par un collègue." /> <!-- TN: Used when a player kills another player with a stop/yield sign. -->
        <DeathPlayerMurderYieldSign text="A été victime de meurtre." />
        <DeathPlayerMurderYieldSign text="A été tué." />
        <DeathPlayerMurderYieldSign text="A été trahi par un collègue." />
        <DeathPlayerMurderYieldSign text="N'a pas cédé le passage à un collègue." />

        <DeathPlayerMurderKnife text="A été poignardé par un collègue." /> <!-- TN: Used when a player kills another player with a knife. -->
        <DeathPlayerMurderKnife text="A été victime de meurtre." />
        <DeathPlayerMurderKnife text="A été tué." />
        <DeathPlayerMurderKnife text="A été poignardé dans le dos par un collègue." />
        <DeathPlayerMurderKnife text="A été vidé comme une volaille." /> <!-- TN: Team Fortress 2 reference -->

        <DeathPlayerMurderShotgun text="A été tiré dessus par un collègue." /> <!-- TN: Used when a player kills another player with the Nutcracker's shotgun. -->
        <DeathPlayerMurderShotgun text="A été victime de meurtre." />
        <DeathPlayerMurderShotgun text="A été tué." />
        <DeathPlayerMurderShotgun text="A été pompé par un collègue." />
        <DeathPlayerMurderShotgun text="N'a pas pu éviter le tir de son collègue." />

        <DeathPlayerLadder text="A été écrasé par une Extension Ladder." /> <!-- TN: Used when a player stands underneath an Extension Ladder and gets crushed. -->
        <DeathPlayerLadder text="A été réduit en bouillie par une Extension Ladder." />

        <DeathPlayerQuicksand text="S'est retrouvé coincé dans des sables mouvants." />
        <DeathPlayerQuicksand text="S'est noyé dans des sables mouvants." />

        <DeathPlayerStunGrenade text="A été ébloui par un collègue." />
        <DeathPlayerStunGrenade text="N'a pas supporté la lumière." />

        <DeathPlayerEasterEgg text="Explosé par un Easter Egg." />
        <DeathPlayerEasterEgg text="A eu un Easter Egg jeté sur lui." />

        <DeathPlayerCruiserDriver text="Explosé par le Company Cruiser." /> <!-- TN: Occurs on explosion or severe impacts while in the driver seat. -->

        <DeathPlayerCruiserPassenger text="Explosé par le Company Cruiser." /> <!-- TN: Occurs on explosion or severe impacts while in the passenger seat. -->

        <DeathPlayerCruiserExplodeBystander text="Explosé par le Company Cruiser." /> <!-- TN: Occurs when near (but not seated in) the car as it explodes. -->

        <DeathPlayerCruiserRanOver text="Écrasé par le Company Cruiser." />

        <DeathOtherItemDropship text="A été écrasé par le vaisseau d'équipement." /> <!-- TN: Used when a player stands underneath the Item Dropship and gets crushed. -->
        <DeathOtherItemDropship text="N'a pas pu attendre son équipement." />
        <DeathOtherItemDropship text="A été impatient d'avoir son équipement." />

        <DeathOtherSpikeTrap text="Écrasé par un Spike Trap." />
        <DeathOtherSpikeTrap text="A été transformé en crêpe." />

        <!-- TN: Used for falling deaths inside the facility. -->

        <!-- Unknown/generic pits. -->
        <DeathPitGeneric text="Est tombé dans une fosse." />

        <!-- TN: Jumped the railing and died in the Facility layout, outside the split catwalk. -->
        <DeathPitFacilityPit text="Est tombé dans une fosse dans la Factory." />
        <DeathPitFacilityPit text="A sauté au dessus d'un garde-corps et est tombé." />

        <!-- TN: Died to the famous split catwalk in the Facility layout. -->
        <DeathPitFacilityCatwalkJump text="A glissé sur une poutre métallique." />
        <DeathPitFacilityCatwalkJump text="A tenté un acte de foi, et a perdu." />

        <!-- TN: Died in the Mines by falling down the elevator shaft. -->
        <DeathPitMineElevator text="Est tombé dans la cage d'ascenseur." />

        <!-- TN: Jumped the railing and died in the Mines layout, outside the split catwalk. -->
        <DeathPitMinePit text="A sauté au dessus d'un garde-corps et est tombé." />

        <!-- TN: Fell in a hole and died in the caves in the Mines layout. -->
        <DeathPitMineCave text="Est tombé dans une fosse dans les grottes." />
        <DeathPitMineCave text="Est tombé dans une fosse en faisant de la spéléologie." />

        <!--
            TN: Messages for the tentacle that kills players at the company building.
            Performance reports don't show up at the company building so this is unused.
        -->
        <DeathOtherDepositItemsDesk text="A reçu une réduction de grade." />
        <DeathOtherDepositItemsDesk text="A été mis en congé disciplinaire." />

        <DeathOtherLandmine text="A marché sur une mine." />

        <DeathOtherTurret text="A été flingé par une tourelle." />

        <DeathOtherLightning text="A été frappé par la foudre." />

        <DeathOtherMeteor text="A été frappé par une météorite." />
        <DeathOtherMeteor text="A découvert ce que c'est d'être un dinausore." /> <!-- TN: Referencing the meteor that ended the Cretaceous period -->
        <DeathOtherMeteor text="N'a pas survécu au septième fléau." /> <!-- FR-TN: Final Fantasy XIV Online: A Realm Reborn reference -->

        <!--
            TN: When the player clips out of the map while in the Facility.
            If they fall out of the map while outside the facility, they teleport back.
        -->
        <DeathOtherOutOfBounds text="A littéralement quitté notre monde." />
        <DeathOtherOutOfBounds text="A noclip dans les Backrooms." />

        <DeathUnknown text="Mort inconnue." />
        <DeathUnknown text="Très probablement mort." />
        <DeathUnknown text="A expiré mystérieusement." />
    </strings>
</base>
